Tankmasse,Tage,Apo,Per,SMA,ECC,TotalMass,orbitheight,targetmass,,,,,,,,,,,,,,,,,,,,,,,,
9.845816981,13.00999016,6585.226496,6557.024453,6571.125475,0.002145906605,103.845817,400,50,0,,,,,,,,,,,,,,,,,,,,,,,
9.8007274,16.34405517,6595.515442,6550.598916,6573.057179,0.003416715018,128.8007274,400,75,1,,,,,,,,,,,,,,,,,,,,,,,
9.74957416,19.96343899,6602.280882,6552.108443,6577.194662,0.003814121524,153.7495742,400,100,1,,50,13.00999016,23.79286155,33.98555767,43.00488702,52.07771547,60.18128706,68.68128127,76.7943369,87.26204575,101.0149729,121.193475,146.4825659,158.5643976,167.2023492,174.9697042,182.5894702,189.6553963,196.5654415,203.3895667,209.8552008,216.3075903
9.700529318,23.33444154,6604.982315,6555.805895,6580.394105,0.003736586238,178.7005293,400,125,1,,75,16.34405517,29.43624154,41.10744425,52.90094814,63.86086639,74.49529322,88.35603834,107.8481618,137.8532366,157.213236,169.3710748,179.7721096,190.0208886,199.4929282,208.4358902,217.3918393,225.6110819,233.4611358,241.515396,250.0380527,259.482934
9.64951541,26.764578,6593.519405,6552.27001,6572.894707,0.003137840894,203.6495154,400,150,1,,100,19.96343899,34.72379228,48.66205699,62.35051758,76.00129169,94.47711758,123.1048966,152.848475,169.6659105,183.4047796,196.2029809,208.0218586,219.0106091,229.9353027,243.3488396,256.274591,270.0582844,285.6921564,303.8154385,316.6948724,325.2199215
9.601152891,30.00765025,6595.518125,6556.681382,6576.099753,0.002952870598,228.6011529,400,175,1,,125,23.33444154,39.54395916,56.03302298,71.96559063,92.31665076,124.6431,156.8413934,176.1629075,193.2068534,207.7761347,222.3602922,238.0959512,254.8002497,274.4312384,304.3087544,325.2626516,337.3327612,345.2833986,351.5171419,357.9335489,364.787259
9.555814704,33.08751843,6584.71953,6556.625556,6570.672543,0.002137830968,253.5558147,400,200,1,,150,26.764578,44.73029276,63.30283651,83.21722433,113.3495163,152.7224278,177.1442043,197.8206581,215.9730987,234.0261307,254.8314807,285.1044065,317.4394554,335.8749573,350.3285084,362.4762509,373.1108622,380.1319161,387.6756122,395.7055998,403.8556564
9.51024568,36.20257454,6585.425404,6556.337461,6570.881433,0.002213397406,278.5102457,400,225,1,,175,30.00765025,49.85795636,70.61506282,97.10459105,138.369277,172.1730897,197.0341784,219.163924,241.8259638,270.4901791,311.5888776,335.8268444,353.2977783,369.1768663,384.0875629,396.7395507,406.4549061,415.0768505,424.2760237,433.483566,443.6677649
9.470214173,39.00517862,6585.650473,6555.873419,6570.761946,0.002265875238,303.4702142,400,250,1,,200,33.08751843,54.92508425,78.57255177,112.8786441,158.1153907,189.8938798,216.5056565,243.1006113,282.0787839,320.9391511,347.2139096,368.3063068,384.7340468,399.6379977,414.158846,431.72717,445.7387178,462.3977584,479.1872042,492.571345,507.4993038
9.429722779,41.9287227,6584.072061,6554.310926,6569.191493,0.002265205335,328.4297228,400,275,1,,225,36.20257454,59.55377921,87.39672703,130.9689701,173.6348825,206.6658263,237.1259404,279.7521982,323.4077786,354.328687,375.9839643,393.491789,413.7725809,441.5450072,470.584149,487.3173228,496.7905207,508.5176206,522.4340472,537.3354153,552.4366638
9.389465899,44.97703619,6589.684919,6557.146162,6573.41554,0.002475026629,353.3894659,400,300,0,,250,39.00517862,64.89795525,97.05738655,146.2565936,189.2382986,224.8163113,265.1811017,317.9494744,354.816959,378.5715474,400.6502901,433.1984406,469.4631173,491.5077562,508.4323007,520.9600375,531.2817302,546.1050182,561.6201314,578.5975561,595.9522891
9.353465038,47.84043047,6590.449088,6557.599525,6574.024307,0.002498436404,378.353465,400,325,0,,275,41.9287227,69.96467104,107.2423336,160.6093341,204.1784911,244.0534664,301.9395863,348.5018411,376.8885698,404.469369,450.3777257,482.9114772,507.3806198,525.48136,541.4285951,553.2581837,566.3983337,581.9823212,603.5400276,636.4027949,671.9679287
9.316650656,50.95079037,6588.568964,6555.553751,6572.061358,0.002511785232,403.3166507,400,350,1,,300,44.97703619,74.92889413,119.0423369,173.1910482,219.6223967,271.1403202,332.0201938,370.532742,402.7309291,454.7980942,490.2046331,514.9654008,534.9970255,552.2490385,568.8535641,583.8828967,613.4983904,648.6081185,676.2038101,697.7951405,718.1324273
9.282506638,53.93961093,6585.760628,6553.823462,6569.792045,0.002430607039,428.2825066,400,375,1,,325,47.84043047,80.3675958,130.1892914,185.515777,234.6319001,301.0579947,356.6491656,392.0189241,448.7606134,489.8709291,517.1511729,538.4944181,558.2749132,584.252259,612.4836434,639.2622749,666.4156702,696.6441131,719.4278985,740.8383854,760.2185811
9.250808117,56.74184712,6586.081096,6557.83538,6571.958238,0.002148957356,453.2508081,400,400,0,,350,50.95079037,85.87295441,140.113897,198.5331047,254.3388073,327.4369972,374.9335981,430.1111835,483.1034863,514.1925153,537.3796337,565.5365114,596.7894935,629.0612331,656.0984513,681.4352324,708.0242705,731.6655465,754.0861806,786.5182959,829.3458507
9.221202552,59.35611469,6570.544581,6554.216413,6562.380497,0.001244073583,478.2212026,400,425,1,,375,53.93961093,91.7571962,150.4880815,211.1838265,278.0488924,350.6220125,401.0327477,467.3306403,505.9298584,533.8185345,565.0246644,603.2966775,638.421984,666.2229869,690.5707551,713.1565295,738.2188306,795.7205718,834.928558,858.8780452,876.3367749
9.184892096,62.31132159,6581.782796,6555.980962,6568.881879,0.001963944106,503.1848921,400,450,1,,400,56.74184712,97.33933893,160.1474657,223.6331821,301.4616604,368.8347515,436.6663813,491.0333338,525.1319638,559.760255,603.5857853,640.6482008,668.2502494,693.3890843,715.1097682,766.0978318,823.3956237,855.8035466,878.6442019,898.042215,897.1887489
9.147407287,65.32662145,6577.159428,6567.471364,6572.315396,0.000737035875,528.1474073,400,475,2,,425,59.35611469,103.1708344,169.479493,236.0020408,323.7483589,390.3732127,466.5672884,509.9851473,548.1238884,596.0298616,637.5711512,666.0519281,690.1455,727.8870121,785.9185503,829.8355283,862.2123656,887.278765,908.1851947,906.040358,896.6922197
9.12039239,68.18969041,6581.092262,6571.878315,6576.485289,0.0007005221614,553.1203924,400,500,2,,450,62.31132159,109.6274182,178.4944904,252.680117,344.5513168,420.4644793,487.2838305,530.521246,577.7963056,629.8494351,659.2902,685.8124525,733.7788815,793.7444495,829.9220871,861.289521,889.913873,919.1126809,914.0513736,906.972516,897.2456775
9.100992159,70.74263693,6586.703256,6577.038409,6581.870832,0.0007342020966,578.1009922,400,525,2,,475,65.32662145,116.229151,188.2262398,269.2940698,361.3586801,449.8609976,504.2486454,553.2037925,615.4310648,649.6311794,678.7541,728.4720132,789.6442123,825.7809901,856.0791481,895.8950507,923.6630549,920.9927769,915.3398454,907.7317187,898.2561246
9.081968355,73.3559359,6590.844366,6581.059681,6585.952024,0.0007428451048,603.0819684,400,550,2,,500,68.18969041,123.1985458,197.6338122,287.3194007,380.0640774,470.6138728,523.9194039,585.823587,637.3012444,668.9441953,715.8737,779.4961936,816.3631395,850.2178928,893.4662369,962.4860463,925.2919069,923.192903,916.4822666,908.2186608,899.4711739
9.690799574,23.79286155,6610.034762,6551.213519,6580.624141,0.004469275374,103.6907996,450,50,1,,525,70.74263693,128.9047601,207.0708677,305.2860671,403.3503437,486.6639987,543.8157945,616.9770675,655.7122969,697.8585748,764.5735,804.3467552,842.7998109,888.3455321,961.8361283,958.5277802,927.2569799,925.1636486,917.6867651,908.7327929,901.1633589
9.609164497,29.43624154,6605.767172,6554.981127,6580.37415,0.003858902551,128.6091645,450,75,1,,550,73.3559359,134.3178681,217.133319,322.0359424,430.1528837,502.8075994,572.7037705,636.4209836,678.0997428,740.4086197,789.17034,829.5257883,876.3243281,952.7020269,965.7595195,958.6945065,929.1630253,926.794516,918.7165622,909.2905469,902.7805508
9.533127542,34.72379228,6588.258552,6552.208681,6570.233617,0.002743423886,153.5331275,450,100,1,,,6778,6828,6878,6928,6978,7028,7078,7128,7178,7228,7278,7328,7378,7428,7478,7528,7578,7628,7678,7728,7778
9.464985897,39.54395916,6599.503286,6557.483547,6578.493416,0.00319372052,178.4649859,450,125,0,,,400,450,500,550,600,650,700,750,800,850,900,950,1000,1050,1100,1150,1200,1250,1300,1350,1400
9.394362917,44.73029276,6595.724325,6555.603908,6575.664116,0.003050674111,203.3943629,450,150,1,,,,,,,,,,,,,,,,,,,,,,,
9.328336361,49.85795636,6588.497174,6551.206406,6569.85179,0.002838021987,228.3283364,450,175,1,,6378,,,,,,,,,,,,,,,,,,,,,
9.265948722,54.92508425,6593.774897,6555.596386,6574.685641,0.002903447664,253.2659487,450,200,1,,,,,,,,,,,,,,,,,,,,,,,
9.209852238,59.55377921,6571.812807,6551.493017,6561.652912,0.00154837434,278.2098522,450,225,1,,,,,,,,,,,,,,,,,,,,,,,
9.141260831,64.89795525,6584.585055,6552.3107,6568.447877,0.002456771743,303.1412608,450,250,1,,,,,,,,,,,,,,,,,,,,,,,
9.093329853,69.96467104,6577.048662,6551.918233,6564.483448,0.001914120768,328.0933299,450,275,1,,,,,,,,,,,,,,,,,,,,,,,
9.05663584,74.92889413,6568.787535,6559.169875,6563.978705,0.0007326090223,353.0566358,450,300,2,,,365,,,,,,,,,,,,,,,,,,,,
9.020005385,80.3675958,6566.168946,6556.037731,6561.103339,0.0007720664488,378.0200054,450,325,1,,,730,,,,,,,,,,,,,,,,,,,,
8.991148622,85.87295441,6567.364118,6556.227174,6561.795646,0.0008486201734,402.9911486,450,350,1,,,1095,,,,,,,,,,,,,,,,,,,,
8.985349152,91.7571962,6571.867243,6562.634343,6567.250793,0.0007029501725,427.9853492,450,375,2,,,1460,,,,,,,,,,,,,,,,,,,,
8.995226126,97.33933893,6590.581318,6581.238409,6585.909863,0.0007093104662,452.9952261,450,400,2,,,1825,,,,,,,,,,,,,,,,,,,,
9.001937558,103.1708344,6592.649176,6583.982065,6588.31562,0.0006577637761,478.0019376,450,425,2,,,,,,,,,,,,,,,,,,,,,,,
9.005984159,109.6274182,6579.19208,6569.515625,6574.353852,0.0007359243755,503.0059842,450,450,2,,,,,,,,,,,,,,,,,,,,,,,
9.009659472,116.229151,6557.265149,6555.266064,6556.265607,0.0001524560658,528.0096595,450,475,2,,,,,,,,,,,,,,,,,,,,,,,
8.991643056,123.1985458,6567.773739,6558.908687,6563.341213,0.0006753459549,552.9916431,450,500,2,,,,,,,,,,,,,,,,,,,,,,,
8.915855425,128.9047601,6590.507874,6555.042447,6572.775161,0.002697903571,577.9158554,450,525,1,,,,,,,,,,,,,,,,,,,,,,,
8.837940479,134.3178681,6598.596005,6555.90675,6577.251378,0.003245219921,602.8379405,450,550,1,,,,,,,,,,,,,,,,,,,,,,,
9.543262275,33.98555767,6614.511841,6557.878882,6586.195362,0.004299368304,103.5432623,500,50,0,,,,,,,,,,,,,,,,,,,,,,,
9.443252789,41.10744425,6611.234388,6557.294494,6584.264441,0.00409612145,128.4432528,500,75,0,,,,,,,,,,,,,,,,,,,,,,,
9.341671614,48.66205699,6593.235285,6549.623963,6571.429624,0.003318252234,153.3416716,500,100,1,,,,,,,,,,,,,,,,,,,,,,,
9.24725534,56.03302298,6599.857301,6555.079135,6577.468218,0.003403905962,178.2472553,500,125,1,,,,,,,,,,,,,,,,,,,,,,,
9.154780058,63.30283651,6589.408334,6555.939711,6572.674022,0.002546043087,203.1547801,500,150,1,,,,,,,,,,,,,,,,,,,,,,,
9.078886937,70.61506282,6595.708433,6556.848693,6576.278563,0.002954538737,228.0788869,500,175,1,,,,,,,,,,,,,,,,,,,,,,,
9.02238594,78.57255177,6571.253454,6556.738382,6563.995918,0.001105658231,253.0223859,500,200,1,,,,,,,,,,,,,,,,,,,,,,,
8.975016392,87.39672703,6571.703215,6556.45317,6564.078193,0.001161628843,277.9750164,500,225,1,,,,,,,,,,,,,,,,,,,,,,,
8.974189343,97.05738655,6575.223258,6566.772407,6570.997833,0.0006430416132,302.9741893,500,250,2,,,,,,,,,,,,,,,,,,,,,,,
8.980809911,107.2423336,6581.96196,6574.419353,6578.190656,0.0005733040445,327.9808099,500,275,2,,,,,,,,,,,,,,,,,,,,,,,
8.985163614,119.0423369,6562.402009,6556.312195,6559.357102,0.0004642081201,352.9851636,500,300,2,,,,,,,,,,,,,,,,,,,,,,,
8.890397308,130.1892914,6594.643877,6556.178723,6575.4113,0.002924923782,377.8903973,500,325,1,,,,,,,,,,,,,,,,,,,,,,,
8.748522096,140.113897,6607.438052,6556.220642,6581.829347,0.003890818796,402.7485221,500,350,1,,,,,,,,,,,,,,,,,,,,,,,
8.598520263,150.4880815,6593.606198,6557.857327,6575.731762,0.002718242831,427.5985203,500,375,0,,,,,,,,,,,,,,,,,,,,,,,
8.46767502,160.1474657,6596.325351,6555.352534,6575.838943,0.003115406051,452.467675,500,400,1,,,,,,,,,,,,,,,,,,,,,,,
8.356772933,169.479493,6599.250003,6555.370957,6577.31048,0.003335637432,477.3567729,500,425,1,,,,,,,,,,,,,,,,,,,,,,,
8.255145383,178.4944904,6588.636006,6557.577837,6573.106922,0.002362518147,502.2551454,500,450,0,,,,,,,,,,,,,,,,,,,,,,,
8.120661669,188.2262398,6590.278138,6556.804166,6573.541152,0.002546114078,527.1206617,500,475,1,,,,,,,,,,,,,,,,,,,,,,,
7.996132955,197.6338122,6573.704553,6557.227802,6565.466178,0.001254804375,551.996133,500,500,0,,,,,,,,,,,,,,,,,,,,,,,
7.896181741,207.0708677,6581.487968,6555.000456,6568.244212,0.002016331239,576.8961817,500,525,1,,,,,,,,,,,,,,,,,,,,,,,
7.816559324,217.133319,6589.691106,6556.374065,6573.032586,0.002534373666,601.8165593,500,550,1,,,,,,,,,,,,,,,,,,,,,,,
9.41582562,43.00488702,6611.839576,6552.23351,6582.036543,0.00452793489,103.4158256,550,50,1,,,,,,,,,,,,,,,,,,,,,,,
9.283382449,52.90094814,6603.483207,6550.146395,6576.814801,0.004054912103,128.2833824,550,75,1,,,,,,,,,,,,,,,,,,,,,,,
9.161413346,62.35051758,6590.527286,6555.911988,6573.219637,0.002633055034,153.1614133,550,100,1,,,,,,,,,,,,,,,,,,,,,,,
9.0574454,71.96559063,6605.90318,6556.755886,6581.329533,0.003733842355,178.0574454,550,125,1,,,,,,,,,,,,,,,,,,,,,,,
8.983298454,83.21722433,6577.648219,6557.867057,6567.757638,0.001505929728,202.9832985,550,150,0,,,,,,,,,,,,,,,,,,,,,,,
8.951647047,97.10459105,6566.490071,6554.554887,6560.522479,0.0009096214634,227.951647,550,175,1,,,,,,,,,,,,,,,,,,,,,,,
8.958839232,112.8786441,6568.244177,6553.742539,6560.993358,0.001105140367,252.9588392,550,200,1,,,,,,,,,,,,,,,,,,,,,,,
8.871490376,130.9689701,6597.087385,6555.577311,6576.332348,0.003156020075,277.8714904,550,225,1,,,,,,,,,,,,,,,,,,,,,,,
8.652241245,146.2565936,6612.551747,6555.093661,6583.822704,0.004363580835,302.6522412,550,250,1,,,,,,,,,,,,,,,,,,,,,,,
8.456975414,160.6093341,6607.673558,6555.9839,6581.828729,0.003926694251,327.4569754,550,275,1,,,,,,,,,,,,,,,,,,,,,,,
8.302867414,173.1910482,6608.10322,6556.469908,6582.286564,0.003922141028,352.3028674,550,300,1,,,,,,,,,,,,,,,,,,,,,,,
8.146178638,185.515777,6599.456782,6555.623163,6577.539973,0.003332067898,377.1461786,550,325,1,,,,,,,,,,,,,,,,,,,,,,,
7.969151084,198.5331047,6578.461845,6555.535043,6566.998444,0.001745607402,401.9691511,550,350,1,,,,,,,,,,,,,,,,,,,,,,,
7.841936469,211.1838265,6589.614248,6555.674031,6572.64414,0.00258193023,426.8419365,550,375,1,,,,,,,,,,,,,,,,,,,,,,,
7.758966294,223.6331821,6589.211908,6555.946638,6572.579273,0.002530610034,451.7589663,550,400,1,,,,,,,,,,,,,,,,,,,,,,,
7.749785144,236.0020408,6588.50847,6556.339037,6572.423753,0.002447303634,476.7497851,550,425,1,,,,,,,,,,,,,,,,,,,,,,,
7.753211152,252.680117,6588.377531,6556.994821,6572.686176,0.002387357964,501.7532112,550,450,1,,,,,,,,,,,,,,,,,,,,,,,
7.63805384,269.2940698,6583.82688,6557.96243,6570.894655,0.00196810718,526.6380538,550,475,0,,,,,,,,,,,,,,,,,,,,,,,
7.457704758,287.3194007,6591.881668,6556.70778,6574.294724,0.002675107376,551.4577048,550,500,1,,,,,,,,,,,,,,,,,,,,,,,
7.240786279,305.2860671,6605.893627,6555.338128,6580.615878,0.003841243754,576.2407863,550,525,1,,,,,,,,,,,,,,,,,,,,,,,
6.99651957,322.0359424,6604.559191,6557.579536,6581.069363,0.003569302477,600.9965196,550,550,0,,,,,,,,,,,,,,,,,,,,,,,
9.291024541,52.07771547,6617.871355,6551.995736,6584.933546,0.005001995713,103.2910245,600,50,1,,,,,,,,,,,,,,,,,,,,,,,
9.135772164,63.86086639,6598.858974,6556.559209,6577.709092,0.003215387356,128.1357722,600,75,1,,,,,,,,,,,,,,,,,,,,,,,
9.016353276,76.00129169,6597.291956,6550.103527,6573.697741,0.00358918456,153.0163533,600,100,1,,,,,,,,,,,,,,,,,,,,,,,
8.932222593,92.31665076,6579.139204,6556.703876,6567.92154,0.00170794735,177.9322226,600,125,1,,,,,,,,,,,,,,,,,,,,,,,
8.933451022,113.3495163,6565.964356,6552.867923,6559.416139,0.0009982925478,202.933451,600,150,1,,,,,,,,,,,,,,,,,,,,,,,
8.760943428,138.369277,6616.504811,6553.668739,6585.086775,0.004771089133,227.7609434,600,175,1,,,,,,,,,,,,,,,,,,,,,,,
8.484679102,158.1153907,6611.424876,6554.625369,6583.025122,0.004314088539,252.4846791,600,200,1,,,,,,,,,,,,,,,,,,,,,,,
8.285329797,173.6348825,6621.446751,6557.223501,6589.335126,0.004873272378,277.2853298,600,225,0,,,,,,,,,,,,,,,,,,,,,,,
8.085684739,189.2382986,6612.203672,6555.155038,6583.679355,0.00433257989,302.0856847,600,250,1,,,,,,,,,,,,,,,,,,,,,,,
7.892519473,204.1784911,6593.843023,6556.972548,6575.407786,0.002803664552,326.8925195,600,275,1,,,,,,,,,,,,,,,,,,,,,,,
7.746401542,219.6223967,6601.948654,6556.60727,6579.277962,0.003445771989,351.7464015,600,300,1,,,,,,,,,,,,,,,,,,,,,,,
7.704508286,234.6319001,6580.747734,6557.790069,6569.268902,0.001747353132,376.7045083,600,325,0,,,,,,,,,,,,,,,,,,,,,,,
7.699998746,254.3388073,6592.599432,6556.143341,6574.371386,0.002772591416,401.6999987,600,350,1,,,,,,,,,,,,,,,,,,,,,,,
7.543848783,278.0488924,6587.118573,6555.580875,6571.349724,0.002399636191,426.5438488,600,375,1,,,,,,,,,,,,,,,,,,,,,,,
7.285165737,301.4616604,6603.249736,6557.872849,6580.561293,0.003447797606,451.2851657,600,400,0,,,,,,,,,,,,,,,,,,,,,,,
6.967535069,323.7483589,6613.781646,6557.086057,6585.433851,0.004304620712,475.9675351,600,425,0,,,,,,,,,,,,,,,,,,,,,,,
6.690901472,344.5513168,6624.759628,6557.379381,6591.069504,0.005111480518,500.6909015,600,450,0,,,,,,,,,,,,,,,,,,,,,,,
6.525360892,361.3586801,6624.237527,6556.810408,6590.523968,0.005115459687,525.5253609,600,475,1,,,,,,,,,,,,,,,,,,,,,,,
6.500589623,380.0640774,6588.412123,6557.858464,6573.135294,0.002324131285,550.5005896,600,500,0,,,,,,,,,,,,,,,,,,,,,,,
6.485824614,403.3503437,6574.672679,6556.796595,6565.734637,0.001361316383,575.4858246,600,525,1,,,,,,,,,,,,,,,,,,,,,,,
6.246839428,430.1528837,6608.635414,6555.768915,6582.202165,0.004015867129,600.2468394,600,550,1,,,,,,,,,,,,,,,,,,,,,,,
9.17996308,60.18128706,6621.131917,6554.996223,6588.06407,0.005019357231,103.1799631,650,50,1,,,,,,,,,,,,,,,,,,,,,,,
9.015732935,74.49529322,6616.213142,6552.37633,6584.294736,0.004847657531,128.0157329,650,75,1,,,,,,,,,,,,,,,,,,,,,,,
8.913697843,94.47711758,6581.725414,6555.222988,6568.474201,0.002017395924,152.9136978,650,100,1,,,,,,,,,,,,,,,,,,,,,,,
8.553907372,152.7224278,6634.276861,6556.061424,6595.169143,0.005929752199,202.5539074,650,150,1,,,,,,,,,,,,,,,,,,,,,,,
8.294521294,172.1730897,6629.535988,6554.110675,6591.823331,0.005721126725,227.2945213,650,175,1,,,,,,,,,,,,,,,,,,,,,,,
8.067225616,189.8938798,6616.863146,6554.508762,6585.685954,0.004734084243,252.0672256,650,200,1,,,,,,,,,,,,,,,,,,,,,,,
7.850409734,206.6658263,6609.664981,6557.911219,6583.7881,0.003930394013,276.8504097,650,225,0,,,,,,,,,,,,,,,,,,,,,,,
7.683746285,224.8163113,6612.848119,6557.665781,6585.25695,0.004189839396,301.6837463,650,250,0,,,,,,,,,,,,,,,,,,,,,,,
7.64992765,244.0534664,6582.055249,6553.151082,6567.603166,0.002200511109,326.6499277,650,275,1,,,,,,,,,,,,,,,,,,,,,,,
7.580082897,271.1403202,6605.444082,6555.367876,6580.405979,0.003804948045,351.5800829,650,300,1,,,,,,,,,,,,,,,,,,,,,,,
7.276413649,301.0579947,6610.831288,6556.964388,6583.897838,0.004090806198,376.2764136,650,325,1,,,,,,,,,,,,,,,,,,,,,,,
6.908213852,327.4369972,6626.320229,6556.686343,6591.503286,0.005282094405,400.9082139,650,350,1,,,,,,,,,,,,,,,,,,,,,,,
6.594450028,350.6220125,6642.74965,6557.316509,6600.03308,0.00647217521,425.59445,650,375,0,,,,,,,,,,,,,,,,,,,,,,,
6.43493676,368.8347515,6640.072586,6556.180545,6598.126565,0.006357262198,450.4349368,650,400,1,,,,,,,,,,,,,,,,,,,,,,,
6.407921939,390.3732127,6591.413306,6556.719632,6574.066469,0.00263867684,475.4079219,650,425,1,,,,,,,,,,,,,,,,,,,,,,,
6.362741126,420.4644793,6591.728352,6556.994072,6574.361212,0.002641646759,500.3627411,650,450,1,,,,,,,,,,,,,,,,,,,,,,,
5.9603205,449.8609976,6614.575021,6557.378692,6585.976857,0.004342281393,524.9603205,650,475,0,,,,,,,,,,,,,,,,,,,,,,,
5.690491439,470.6138728,6638.034956,6556.81699,6597.425973,0.006155276769,549.6904914,650,500,1,,,,,,,,,,,,,,,,,,,,,,,
5.478950455,486.6639987,6661.763224,6556.718323,6609.240774,0.007946820577,574.4789505,650,525,1,,,,,,,,,,,,,,,,,,,,,,,
5.25159174,502.8075994,6666.023915,6556.97748,6611.500697,0.00824672344,599.2515917,650,550,1,,,,,,,,,,,,,,,,,,,,,,,
9.062581498,68.68128127,6620.328858,6551.196878,6585.762868,0.005248593109,103.0625815,700,50,1,,,,,,,,,,,,,,,,,,,,,,,
8.918735049,88.35603834,6589.73543,6554.650405,6572.192917,0.002669202256,127.918735,700,75,1,,,,,,,,,,,,,,,,,,,,,,,
8.890923508,123.1048966,6579.861871,6561.23598,6570.548926,0.001417377075,152.8909235,700,100,,,,,,,,,,,,,,,,,,,,,,,,
8.493004216,156.8413934,6644.34821,6557.58424,6600.966225,0.006572065928,177.4930042,700,125,0,,,,,,,,,,,,,,,,,,,,,,,
8.223395677,177.1442043,6650.517174,6557.633956,6604.075565,0.007032264939,202.2233957,700,150,0,,,,,,,,,,,,,,,,,,,,,,,
7.961779132,197.0341784,6648.004622,6556.197294,6602.100958,0.006952887333,226.9617791,700,175,1,,,,,,,,,,,,,,,,,,,,,,,
7.734957706,216.5056565,6628.607586,6557.443974,6593.02578,0.005396885665,251.7349577,700,200,0,,,,,,,,,,,,,,,,,,,,,,,
7.608465185,237.1259404,6597.656297,6554.473709,6576.065003,0.003283315191,276.6084652,700,225,1,,,,,,,,,,,,,,,,,,,,,,,
7.591038365,265.1811017,6603.534946,6554.683065,6579.109006,0.003712651736,301.5910384,700,250,1,,,,,,,,,,,,,,,,,,,,,,,
7.251001249,301.9395863,6616.908781,6556.581861,6586.745321,0.004579418002,326.2510012,700,275,1,,,,,,,,,,,,,,,,,,,,,,,
6.836134145,332.0201938,6644.19369,6556.852486,6600.523088,0.006616233496,350.8361341,700,300,1,,,,,,,,,,,,,,,,,,,,,,,
6.498641113,356.6491656,6666.868256,6557.663869,6612.266062,0.008257712728,375.4986411,700,325,0,,,,,,,,,,,,,,,,,,,,,,,
6.342761463,374.9335981,6663.912616,6556.531538,6610.222077,0.008122350279,400.3427615,700,350,1,,,,,,,,,,,,,,,,,,,,,,,
6.315040419,401.0327477,6596.980725,6557.04597,6577.013347,0.003035933864,425.3150404,700,375,0,,,,,,,,,,,,,,,,,,,,,,,
6.143010567,436.6663813,6618.69368,6556.602878,6587.648279,0.004712668259,450.1430106,700,400,1,,,,,,,,,,,,,,,,,,,,,,,
5.724192323,466.5672884,6643.925357,6557.655998,6600.790678,0.006534774612,474.7241923,700,425,0,,,,,,,,,,,,,,,,,,,,,,,
5.455251739,487.2838305,6652.984315,6557.857678,6605.420996,0.007200649085,499.4552517,700,450,0,,,,,,,,,,,,,,,,,,,,,,,
5.222065303,504.2486454,6708.09112,6556.811465,6632.451292,0.01140450555,524.2220653,700,475,1,,,,,,,,,,,,,,,,,,,,,,,
4.944078215,523.9194039,6673.657527,6557.647406,6615.652466,0.008767851772,548.9440782,700,500,0,,,,,,,,,,,,,,,,,,,,,,,
4.807599171,543.8157945,6618.395141,6557.070927,6587.733034,0.004654424684,573.8075992,700,525,0,,,,,,,,,,,,,,,,,,,,,,,
4.727501933,572.7037705,6611.036174,6556.888094,6583.962134,0.004112119613,598.7275019,700,550,1,,,,,,,,,,,,,,,,,,,,,,,
8.976566288,76.7943369,6634.053551,6551.176587,6592.615069,0.006285591074,102.9765663,750,50,1,,,,,,,,,,,,,,,,,,,,,,,
8.870137452,107.8481618,6568.02459,6552.170994,6560.097792,0.001208335317,127.8701375,750,75,1,,,,,,,,,,,,,,,,,,,,,,,
8.544328225,152.848475,6668.366453,6555.737001,6612.051727,0.008516982064,152.5443282,750,100,1,,,,,,,,,,,,,,,,,,,,,,,
8.229400337,176.1629075,6666.202272,6555.497007,6610.849639,0.008372998281,177.2294003,750,125,1,,,,,,,,,,,,,,,,,,,,,,,
7.944622563,197.8206581,6657.656415,6555.110787,6606.383601,0.007761101606,201.9446226,750,150,1,,,,,,,,,,,,,,,,,,,,,,,
7.692660124,219.163924,6649.87971,6557.956123,6603.917917,0.006959776611,226.6926601,750,175,0,,,,,,,,,,,,,,,,,,,,,,,
7.556131984,243.1006113,6604.590277,6557.094129,6580.842203,0.003608667882,251.556132,750,200,0,,,,,,,,,,,,,,,,,,,,,,,
7.466601755,279.7521982,6618.409484,6555.127509,6586.768496,0.004803719369,276.4666018,750,225,1,,,,,,,,,,,,,,,,,,,,,,,
7.028578702,317.9494744,6648.186964,6556.618599,6602.402782,0.006934472792,301.0285787,750,250,1,,,,,,,,,,,,,,,,,,,,,,,
6.593637917,348.5018411,6701.176674,6557.36014,6629.268407,0.0108470894,325.5936379,750,275,0,,,,,,,,,,,,,,,,,,,,,,,
6.29782991,370.532742,6703.337187,6557.776949,6630.557068,0.01097647124,350.2978299,750,300,0,,,,,,,,,,,,,,,,,,,,,,,
6.23511379,392.0189241,6658.247887,6556.458747,6607.353317,0.007702716586,375.2351138,750,325,1,,,,,,,,,,,,,,,,,,,,,,,
6.19304756,430.1111835,6602.972894,6557.691276,6580.332085,0.003440678825,400.1930476,750,350,0,,,,,,,,,,,,,,,,,,,,,,,
5.699192285,467.3306403,6648.665429,6557.208789,6602.937109,0.006925451401,424.6991923,750,375,0,,,,,,,,,,,,,,,,,,,,,,,
5.382862178,491.0333338,6665.970071,6556.882539,6611.426305,0.008249924239,449.3828622,750,400,1,,,,,,,,,,,,,,,,,,,,,,,
5.12234447,509.9851473,6743.025471,6556.761929,6649.8937,0.01400500145,474.1223445,750,425,1,,,,,,,,,,,,,,,,,,,,,,,
4.830252078,530.521246,6710.331737,6557.646688,6633.989213,0.01150778544,498.8302521,750,450,0,,,,,,,,,,,,,,,,,,,,,,,
4.661611755,553.2037925,6628.996562,6556.910657,6592.95361,0.005466890037,523.6616118,750,475,1,,,,,,,,,,,,,,,,,,,,,,,
4.512436596,585.823587,6624.001706,6556.5436,6590.272653,0.005118005668,548.5124366,750,500,1,,,,,,,,,,,,,,,,,,,,,,,
4.097709109,616.9770675,6672.148754,6557.820033,6614.984393,0.008641647066,573.0977091,750,525,0,,,,,,,,,,,,,,,,,,,,,,,
3.807634554,636.4209836,6756.35536,6556.858725,6656.607042,0.01498485897,597.8076346,750,550,1,,,,,,,,,,,,,,,,,,,,,,,
8.898704524,87.26204575,6630.211821,6556.370387,6593.291104,0.005599740135,102.8987045,800,50,1,,,,,,,,,,,,,,,,,,,,,,,
8.751673221,137.8532366,6621.191915,6556.093211,6588.642563,0.004940221258,127.7516732,800,75,1,,,,,,,,,,,,,,,,,,,,,,,
8.310837479,169.6659105,6701.682678,6557.146316,6629.414497,0.01090114079,152.3108375,800,100,0,,,,,,,,,,,,,,,,,,,,,,,
8.000813971,193.2068534,6667.334889,6557.913366,6612.624127,0.008273683833,177.000814,800,125,0,,,,,,,,,,,,,,,,,,,,,,,
7.708195058,215.9730987,6691.672346,6556.404486,6624.038416,0.01021037703,201.7081951,800,150,1,,,,,,,,,,,,,,,,,,,,,,,
7.514516397,241.8259638,6618.840871,6556.244864,6587.542867,0.004751089127,226.5145164,800,175,1,,,,,,,,,,,,,,,,,,,,,,,
7.425776683,282.0787839,6627.146194,6554.928837,6591.037515,0.005478451325,251.4257767,800,200,1,,,,,,,,,,,,,,,,,,,,,,,
6.941569959,323.4077786,6671.072684,6556.433605,6613.753144,0.008666718897,275.94157,800,225,1,,,,,,,,,,,,,,,,,,,,,,,
6.494367163,354.816959,6749.813829,6557.986932,6653.900381,0.01441462046,300.4943672,800,250,0,,,,,,,,,,,,,,,,,,,,,,,
6.197247424,376.8885698,6757.30355,6557.955376,6657.629463,0.014971408,325.1972474,800,275,0,,,,,,,,,,,,,,,,,,,,,,,
6.140341972,402.7309291,6660.326611,6556.841164,6608.583887,0.007829623492,350.140342,800,300,1,,,,,,,,,,,,,,,,,,,,,,,
5.945539973,448.7606134,6625.540568,6555.902678,6590.721623,0.005283024655,374.94554,800,325,1,,,,,,,,,,,,,,,,,,,,,,,
5.456672195,483.1034863,6680.387116,6557.389364,6618.88824,0.009291420853,399.4566722,800,350,0,,,,,,,,,,,,,,,,,,,,,,,
5.144710042,505.9298584,6692.281115,6556.582714,6624.431914,0.01024226698,424.14471,800,375,1,,,,,,,,,,,,,,,,,,,,,,,
4.873457552,525.1319638,6799.829895,6556.912902,6678.371398,0.0181868436,448.8734576,800,400,1,,,,,,,,,,,,,,,,,,,,,,,
4.550188234,548.1238884,6738.482702,6557.771169,6648.126935,0.01359116143,473.5501882,800,425,0,,,,,,,,,,,,,,,,,,,,,,,
4.473034278,577.7963056,6623.158361,6556.582483,6589.870422,0.005051379917,498.4730343,800,450,1,,,,,,,,,,,,,,,,,,,,,,,
4.020957541,615.4310648,6684.037819,6557.754322,6620.896071,0.009536737569,523.0209575,800,475,0,,,,,,,,,,,,,,,,,,,,,,,
3.695681341,637.3012444,6757.247806,6556.876454,6657.06213,0.01504953298,547.6956813,800,500,1,,,,,,,,,,,,,,,,,,,,,,,
3.415846491,655.7122969,6803.371455,6556.938431,6680.154943,0.01844515783,572.4158465,800,525,1,,,,,,,,,,,,,,,,,,,,,,,
3.115727992,678.0997428,6734.436986,6557.613995,6646.02549,0.01330291248,597.115728,800,550,0,,,,,,,,,,,,,,,,,,,,,,,
8.8335733,101.0149729,6598.018756,6556.189629,6577.104192,0.003179904504,102.8335733,850,50,1,,,,,,,,,,,,,,,,,,,,,,,
8.475973599,157.213236,6715.519216,6554.682194,6635.100705,0.01212016431,127.4759736,850,75,1,,,,,,,,,,,,,,,,,,,,,,,
8.122278923,183.4047796,6719.995049,6557.232678,6638.613864,0.01225876177,152.1222789,850,100,0,,,,,,,,,,,,,,,,,,,,,,,
7.797112225,207.7761347,6735.416864,6556.750637,6646.08375,0.0134414667,176.7971122,850,125,1,,,,,,,,,,,,,,,,,,,,,,,
7.519281086,234.0261307,6677.926966,6557.282068,6617.604517,0.009115450823,201.5192811,850,150,0,,,,,,,,,,,,,,,,,,,,,,,
7.441146811,270.4901791,6612.526413,6553.73093,6583.128671,0.004465618526,226.4411468,850,175,1,,,,,,,,,,,,,,,,,,,,,,,
6.962895982,320.9391511,6660.869467,6556.397858,6608.633662,0.007904176075,250.962896,850,200,1,,,,,,,,,,,,,,,,,,,,,,,
6.488591148,354.328687,6782.818612,6557.739041,6670.278827,0.01687182627,275.4885911,850,225,0,,,,,,,,,,,,,,,,,,,,,,,
6.154329266,378.5715474,6816.576492,6557.930275,6687.253383,0.01933874807,300.1543293,850,250,0,,,,,,,,,,,,,,,,,,,,,,,
6.050800826,404.469369,6699.998522,6556.732143,6628.365333,0.01080706716,325.0508008,850,275,1,,,,,,,,,,,,,,,,,,,,,,,
5.830333254,454.7980942,6631.394636,6556.329907,6593.862271,0.005692015246,349.8303333,850,300,1,,,,,,,,,,,,,,,,,,,,,,,
5.322765349,489.8709291,6706.304766,6557.953655,6632.12921,0.0111842748,374.3227653,850,325,0,,,,,,,,,,,,,,,,,,,,,,,
4.983505833,514.1925153,6738.354201,6557.783435,6648.068818,0.01358069316,398.9835058,850,350,0,,,,,,,,,,,,,,,,,,,,,,,
4.71058306,533.8185345,6849.175221,6556.833943,6703.004582,0.02180673413,423.7105831,850,375,1,,,,,,,,,,,,,,,,,,,,,,,
4.377419307,559.760255,6754.788178,6557.820944,6656.304561,0.01479553949,448.3774193,850,400,0,,,,,,,,,,,,,,,,,,,,,,,
4.205813553,596.0298616,6671.941443,6556.562607,6614.252025,0.008721986631,473.2058136,850,425,1,,,,,,,,,,,,,,,,,,,,,,,
3.702093755,629.8494351,6745.593865,6557.904278,6651.749071,0.01410828828,497.7020938,850,450,0,,,,,,,,,,,,,,,,,,,,,,,
3.408079649,649.6311794,6806.970911,6556.876922,6681.923917,0.01871422006,522.4080796,850,475,1,,,,,,,,,,,,,,,,,,,,,,,
3.125690504,668.9441953,6858.168111,6556.951035,6707.559573,0.02245355202,547.1256905,850,500,1,,,,,,,,,,,,,,,,,,,,,,,
2.852197632,697.8585748,6703.071495,6557.739608,6630.405551,0.01095950207,571.8521976,850,525,0,,,,,,,,,,,,,,,,,,,,,,,
2.561202356,740.4086197,6681.27898,6557.764217,6619.521599,0.009329583866,596.5612024,850,550,0,,,,,,,,,,,,,,,,,,,,,,,
8.622737487,146.4825659,6685.303276,6555.738618,6620.520947,0.009785080317,102.6227375,950,50,1,,,,,,,,,,,,,,,,,,,,,,,
8.165537476,179.7721096,6806.607701,6557.199759,6681.90373,0.01866294041,127.1655375,950,75,0,,,,,,,,,,,,,,,,,,,,,,,
7.788115323,208.0218586,6761.21145,6556.606955,6658.909203,0.01536321407,151.7881153,950,100,1,,,,,,,,,,,,,,,,,,,,,,,
7.452466213,238.0959512,6724.378829,6556.973654,6640.676241,0.01260452765,176.4524662,950,125,1,,,,,,,,,,,,,,,,,,,,,,,
7.328365186,285.1044065,6643.938943,6556.259563,6600.099253,0.006642277395,201.3283652,950,150,1,,,,,,,,,,,,,,,,,,,,,,,
6.729752618,335.8268444,6737.377141,6556.385236,6646.881188,0.01361479918,225.7297526,950,175,1,,,,,,,,,,,,,,,,,,,,,,,
6.26594515,368.3063068,6933.976394,6557.913577,6745.944985,0.02787324958,250.2659452,950,200,0,,,,,,,,,,,,,,,,,,,,,,,
5.918501186,393.491789,6925.705596,6557.914097,6741.809846,0.02727691134,274.9185012,950,225,0,,,,,,,,,,,,,,,,,,,,,,,
5.850620745,433.1984406,6653.323251,6557.246226,6605.284739,0.007272739044,299.8506207,950,250,0,,,,,,,,,,,,,,,,,,,,,,,
5.334318785,482.9114772,6753.14436,6556.988234,6655.066297,0.0147373533,324.3343188,950,275,1,,,,,,,,,,,,,,,,,,,,,,,
4.864286026,514.9654008,6809.219552,6557.941271,6683.580411,0.01879817894,348.864286,950,300,0,,,,,,,,,,,,,,,,,,,,,,,
4.526918057,538.4944181,6881.741701,6556.748344,6719.245022,0.02418377037,373.5269181,950,325,1,,,,,,,,,,,,,,,,,,,,,,,
4.2022115,565.5365114,6871.295393,6557.74307,6714.519232,0.02334882906,398.2022115,950,350,0,,,,,,,,,,,,,,,,,,,,,,,
3.952339499,603.2966775,6659.133699,6557.039693,6608.086696,0.007724929418,422.9523395,950,375,0,,,,,,,,,,,,,,,,,,,,,,,
3.401463184,640.6482008,6816.306228,6557.713826,6687.010027,0.01933542801,447.4014632,950,400,0,,,,,,,,,,,,,,,,,,,,,,,
3.03803258,666.0519281,6870.486966,6557.798355,6714.14266,0.02328581821,472.0380326,950,425,0,,,,,,,,,,,,,,,,,,,,,,,
2.756416874,685.8124525,6996.830402,6556.804594,6776.817498,0.03246552002,496.7564169,950,450,1,,,,,,,,,,,,,,,,,,,,,,,
2.510122573,728.4720132,6669.286177,6557.950543,6613.61836,0.008417149881,521.5101226,950,475,0,,,,,,,,,,,,,,,,,,,,,,,
1.985978641,779.4961936,6795.268651,6557.878977,6676.573814,0.01777780644,545.9859786,950,500,0,,,,,,,,,,,,,,,,,,,,,,,
1.65026787,804.3467552,6899.177314,6556.808591,6727.992953,0.02544360006,570.6502679,950,525,1,,,,,,,,,,,,,,,,,,,,,,,
1.303425336,829.5257883,6908.201513,6557.981155,6733.091334,0.0260073969,595.3034253,950,550,0,,,,,,,,,,,,,,,,,,,,,,,
8.452000072,158.5643976,6827.365977,6555.991529,6691.678753,0.02027700809,102.4520001,1000,50,1,,,,,,,,,,,,,,,,,,,,,,,
8.025267385,190.0208886,6849.719854,6557482,6703.600927,0.02179708024,127.0252674,1000,75,0,,,,,,,,,,,,,,,,,,,,,,,
7.636457527,219.0106091,6876.477709,6556.917839,6716.697774,0.0237884657,151.6364575,1000,100,1,,,,,,,,,,,,,,,,,,,,,,,
7.32184055,254.8002497,6679.014405,6556.217176,6617.615791,0.009278056747,176.3218405,1000,125,1,,,,,,,,,,,,,,,,,,,,,,,
6.977752102,317.4394554,6718.367516,6557.301475,6637.834496,0.01213242369,200.9777521,1000,150,0,,,,,,,,,,,,,,,,,,,,,,,
6.465689079,353.2977783,6933.453917,6556.782468,6745.118193,0.02792178265,225.4656891,1000,175,1,,,,,,,,,,,,,,,,,,,,,,,
6.019063446,384.7340468,7022.407611,6557.951222,6790.179417,0.0342005977,250.0190634,1000,200,0,,,,,,,,,,,,,,,,,,,,,,,
5.774202055,413.7725809,6767.383664,6556.834771,6662.109218,0.01580196943,274.7742021,1000,225,1,,,,,,,,,,,,,,,,,,,,,,,
5.481125146,469.4631173,6675.535851,6556.91589,6616.225871,0.008964322236,299.4811251,1000,250,1,,,,,,,,,,,,,,,,,,,,,,,
4.914283902,507.3806198,6813.994841,6557.821302,6685.908071,0.01915772219,323.9142839,1000,275,0,,,,,,,,,,,,,,,,,,,,,,,
4.51058534,534.9970255,6896.065427,6557.723086,6726.894257,0.02514848068,348.5105853,1000,300,0,,,,,,,,,,,,,,,,,,,,,,,
4.220393571,558.2749132,6972.689954,6556.836219,6764.763086,0.03073675531,373.2203936,1000,325,1,,,,,,,,,,,,,,,,,,,,,,,
3.869197352,596.7894935,6761.48962,6557.984244,6659.736932,0.01527878485,397.8691974,1000,350,0,,,,,,,,,,,,,,,,,,,,,,,
3.381859744,638.421984,6822.83934,6556.64859,6689.743965,0.01989543631,422.3818597,1000,375,1,,,,,,,,,,,,,,,,,,,,,,,
2.946779233,668.2502494,6924.73201,6557.95128,6741.341645,0.0272038378,446.9467792,1000,400,0,,,,,,,,,,,,,,,,,,,,,,,
2.361842852,733.7788815,6718.5953,6557.805421,6638.200361,0.01211095406,496.3618429,1000,450,0,,,,,,,,,,,,,,,,,,,,,,,
1.836014402,789.6442123,6824.477057,6557.954593,6691.215825,0.01991584719,520.8360144,1000,475,0,,,,,,,,,,,,,,,,,,,,,,,
1.482191172,816.3631395,6924.58338,6556.988488,6740.785934,0.02726647126,545.4821912,1000,500,1,,,,,,,,,,,,,,,,,,,,,,,
1.124888194,842.7998109,6974.575485,6556.99377,6765.784627,0.03085981435,570.1248882,1000,525,1,,,,,,,,,,,,,,,,,,,,,,,
0.7143221137,876.3243281,6811.489019,6557.975146,6684.732082,0.01896215661,594.7143221,1000,550,0,,,,,,,,,,,,,,,,,,,,,,,
8.332266112,167.2023492,6909.241213,6556.050983,6732.646098,0.02622967446,102.3322661,1050,50,1,,,,,,,,,,,,,,,,,,,,,,,
7.89669535,199.4929282,6874.714376,6557.587406,6716.150891,0.02360927973,126.8966954,1050,75,0,,,,,,,,,,,,,,,,,,,,,,,
7.498150683,229.9353027,6906.776333,6556.773166,6731.774749,0.02599635167,151.4981507,1050,100,1,,,,,,,,,,,,,,,,,,,,,,,
7.249089708,274.4312384,6611.769881,6552.967371,6582.368626,0.004466667906,176.2490897,1050,125,1,,,,,,,,,,,,,,,,,,,,,,,
6.697162502,335.8749573,6825.902022,6557.950228,6691.926125,0.02002052835,200.6971625,1050,150,0,,,,,,,,,,,,,,,,,,,,,,,
6.22179856,369.1768663,7072.629708,6556.852032,6814.74087,0.03784279449,225.2217986,1050,175,1,,,,,,,,,,,,,,,,,,,,,,,
5.792184881,399.6379977,7062.280637,6557.946277,6810.113457,0.03702833755,249.7921849,1050,200,0,,,,,,,,,,,,,,,,,,,,,,,
5.656149845,441.5450072,6705.854808,6556.486336,6631.170572,0.01126260217,274.6561498,1050,225,1,,,,,,,,,,,,,,,,,,,,,,,
5.093173935,491.5077562,6793.861925,6556.492788,6675.177357,0.01777998725,299.0931739,1050,250,1,,,,,,,,,,,,,,,,,,,,,,,
4.575375781,525.48136,6920.888434,6557.893606,6739.39102,0.02693083299,323.5753758,1050,275,0,,,,,,,,,,,,,,,,,,,,,,,
4.192486431,552.2490385,6964.045137,6557.941504,6760.993321,0.03003283793,348.1924864,1050,300,0,,,,,,,,,,,,,,,,,,,,,,,
3.870617286,584.252259,6934.799243,6556.896294,6745.847768,0.02801004128,372.8706173,1050,325,1,,,,,,,,,,,,,,,,,,,,,,,
3.473144996,629.0612331,6780.551897,6556.962318,6668.757107,0.01676396186,397.473145,1050,350,1,,,,,,,,,,,,,,,,,,,,,,,
2.921302696,666.2229869,6946.276031,6557.803705,6752.039868,0.02876703434,421.9213027,1050,375,0,,,,,,,,,,,,,,,,,,,,,,,
2.537208315,693.3890843,7016.070561,6556.980049,6786.525305,0.03382367934,446.5372083,1050,400,1,,,,,,,,,,,,,,,,,,,,,,,
2.230461257,727.8870121,6930.15369,6557.975806,6744.064748,0.02759299458,471.2304613,1050,425,0,,,,,,,,,,,,,,,,,,,,,,,
1.772365618,793.7444495,6815.119413,6557.841821,6686.480617,0.01923864039,495.7723656,1050,450,0,,,,,,,,,,,,,,,,,,,,,,,
1.345789209,825.7809901,6913.349144,6556.887958,6735.118551,0.0264628739,520.3457892,1050,475,1,,,,,,,,,,,,,,,,,,,,,,,
1.019561276,850.2178928,7060.869282,6556.980231,6808.924756,0.03700210157,545.0195613,1050,500,1,,,,,,,,,,,,,,,,,,,,,,,
0.5426265611,888.3455321,6878.119065,6557.977158,6718.048111,0.02382700309,569.5426266,1050,525,0,,,,,,,,,,,,,,,,,,,,,,,
0.2748802849,952.7020269,6740.210698,6557.704751,6648.957725,0.01372440267,594.2748803,1050,550,0,,,,,,,,,,,,,,,,,,,,,,,
8.225806228,174.9697042,6955.801524,6557.631726,6756.716625,0.02946474007,102.2258062,1100,50,0,,,,,,,,,,,,,,,,,,,,,,,
7.774969999,208.4358902,6887.876021,6557.735583,6722.805802,0.02455376874,126.77497,1100,75,0,,,,,,,,,,,,,,,,,,,,,,,
7.358617608,243.3488396,6850.612976,6556.6753,6703.644138,0.02192372314,151.3586176,1100,100,1,,,,,,,,,,,,,,,,,,,,,,,
7.09838984,304.3087544,6709.615549,6556.268816,6632.942182,0.01155948054,176.0983898,1100,125,1,,,,,,,,,,,,,,,,,,,,,,,
6.471092854,350.3285084,6934.134252,6557.919588,6746.02692,0.02788416561,200.4710929,1100,150,0,,,,,,,,,,,,,,,,,,,,,,,
5.987744613,384.0875629,7132.02705,6556.631066,6844.329058,0.04203450614,224.9877446,1100,175,1,,,,,,,,,,,,,,,,,,,,,,,
5.590756708,414.158846,7022.230216,6557.82065,6790.025433,0.03419792533,249.5907567,1100,200,0,,,,,,,,,,,,,,,,,,,,,,,
5.340122683,470.584149,6735.907798,6557.272303,6646.59005,0.01343813092,274.3401227,1100,225,0,,,,,,,,,,,,,,,,,,,,,,,
4.762607829,508.4323007,6945.493692,6556.802328,6751.14801,0.02878705691,298.7626078,1100,250,1,,,,,,,,,,,,,,,,,,,,,,,
4.263605409,541.4285951,7008.367983,6557.955652,6783.161817,0.03320076557,323.2636054,1100,275,0,,,,,,,,,,,,,,,,,,,,,,,
3.908630953,568.8535641,7004.276258,6556.881135,6780.578697,0.03299092475,347.908631,1100,300,1,,,,,,,,,,,,,,,,,,,,,,,
3.563241916,612.4836434,6820.79057,6557.849279,6689.319925,0.01965381345,372.5632419,1100,325,0,,,,,,,,,,,,,,,,,,,,,,,
3.01681908,656.0984513,6939.905344,6556.968412,6748.436878,0.02837226898,397.0168191,1100,350,1,,,,,,,,,,,,,,,,,,,,,,,
2.515728328,690.5707551,7067.73741,6557.961218,6812.849314,0.03741284803,421.5157283,1100,375,0,,,,,,,,,,,,,,,,,,,,,,,
2.17894796,715.1097682,7164.72922,6556.947359,6860.83829,0.04429355679,446.178948,1100,400,1,,,,,,,,,,,,,,,,,,,,,,,
1.874521637,785.9185503,6775.017942,6556.903934,6665.960938,0.01636028247,470.8745216,1100,425,1,,,,,,,,,,,,,,,,,,,,,,,
1.277234025,829.9220871,6945.323176,6557.880626,6751.601901,0.02869263882,495.277234,1100,450,0,,,,,,,,,,,,,,,,,,,,,,,
0.9383124138,856.0791481,7110.610782,6556.939084,6833.774933,0.04050994535,519.9383124,1100,475,1,,,,,,,,,,,,,,,,,,,,,,,
0.4279706586,893.4662369,7039.571724,6557.984051,6798.777887,0.03541722362,544.4279707,1100,500,0,,,,,,,,,,,,,,,,,,,,,,,
0.07756279682,961.8361283,6792.703962,6557.98952,6675.346741,0.01758069291,569.0775628,1100,525,0,,,,,,,,,,,,,,,,,,,,,,,
0.0008731247639,965.7595195,7292.731881,6606.866488,6949.799184,0.0493442598,594.0008731,1100,550,0,,,,,,,,,,,,,,,,,,,,,,,
8.121716467,182.5894702,7041.677478,6557.474341,6799.57591,0.03560539237,102.1217165,1150,50,0,,,,,,,,,,,,,,,,,,,,,,,
7.65252164,217.3918393,6930.308161,6557.412456,6743.860309,0.02764705139,126.6525216,1150,75,0,,,,,,,,,,,,,,,,,,,,,,,
7.225604307,256.274591,6844.358651,6557.367071,6700.862861,0.02141452419,151.2256043,1150,100,0,,,,,,,,,,,,,,,,,,,,,,,
6.824653783,325.2626516,6855.629866,6557.999579,6706.814723,0.02218864688,175.8246538,1150,125,0,,,,,,,,,,,,,,,,,,,,,,,
6.273243652,362.4762509,7053.026588,6556.898513,6804.962551,0.0364534023,200.2732437,1150,150,1,,,,,,,,,,,,,,,,,,,,,,,
5.78104687,396.7395507,7190.325484,6557.932626,6874.129055,0.04599803504,224.7810469,1150,175,0,,,,,,,,,,,,,,,,,,,,,,,
5.457279474,431.72717,6800.567068,6557.894342,6679.230705,0.01816621827,249.4572795,1150,200,0,,,,,,,,,,,,,,,,,,,,,,,
5.003934089,487.3173228,6835.066531,6557.964918,6696.515724,0.02068998447,274.0039341,1150,225,0,,,,,,,,,,,,,,,,,,,,,,,
4.465664452,520.9600375,7041.782147,6556.887102,6799.334625,0.03565753652,298.4656645,1150,250,1,,,,,,,,,,,,,,,,,,,,,,,
3.962984216,553.2581837,7080.151609,6557.897553,6819.024581,0.03829389745,322.9629842,1150,275,0,,,,,,,,,,,,,,,,,,,,,,,
3.635109011,583.8828967,7019.171526,6556.861763,6788.016645,0.03405337577,347.635109,1150,300,1,,,,,,,,,,,,,,,,,,,,,,,
3.203099174,639.2622749,6772.137665,6557.879169,6665.008417,0.01607338525,372.2030992,1150,325,0,,,,,,,,,,,,,,,,,,,,,,,
2.581489578,681.4352324,7046.89765,6557.917371,6802.407511,0.03594170727,396.5814896,1150,350,0,,,,,,,,,,,,,,,,,,,,,,,
2.144208791,713.1565295,7156.694288,6557.803743,6857.249016,0.04366842617,421.1442088,1150,375,0,,,,,,,,,,,,,,,,,,,,,,,
1.912942713,766.0978318,6755.956667,6557.998433,6656.97755,0.01486847685,445.9129427,1150,400,0,,,,,,,,,,,,,,,,,,,,,,,
1.279201074,829.8355283,6949.12044,6557.88672,6753.50358,0.02896524116,470.2792011,1150,425,0,,,,,,,,,,,,,,,,,,,,,,,
0.8749860498,861.289521,7103.097149,6556.771654,6829.934402,0.03999492992,494.874986,1150,450,1,,,,,,,,,,,,,,,,,,,,,,,
0.4100442117,895.8950507,7136.7631,6557.937144,6847.350122,0.04226642023,519.4100442,1150,475,0,,,,,,,,,,,,,,,,,,,,,,,
0.006232970068,962.4860463,6787.98703,6557.891732,6672.939381,0.01724092521,544.006233,1150,500,0,,,,,,,,,,,,,,,,,,,,,,,
0.0007028248572,958.5277802,7347.102529,6617.552711,6982.32762,0.05224259428,569.0007028,1150,525,0,,,,,,,,,,,,,,,,,,,,,,,
0.0002261311553,958.6945065,7458.470497,6653.538842,7056.00467,0.05703877003,594.0002261,1150,550,0,,,,,,,,,,,,,,,,,,,,,,,
8.025248498,189.6553963,7119.611666,6557.796312,6838.703989,0.04107615676,102.0252485,1200,50,0,,,,,,,,,,,,,,,,,,,,,,,
7.539351362,225.6110819,6993.484011,6556.319929,6774.90197,0.03226349867,126.5393514,1200,75,1,,,,,,,,,,,,,,,,,,,,,,,
7.121253159,270.0582844,6758.610563,6556.933436,6657772,0.01514599232,151.1212532,1200,100,1,,,,,,,,,,,,,,,,,,,,,,,
6.613919965,337.3327612,7054.170256,6557.829994,6806.000125,0.03646343316,175.61392,1200,125,0,,,,,,,,,,,,,,,,,,,,,,,
6.086929324,373.1108622,7173.908366,6556.613504,6865.260935,0.04495785867,200.0869293,1200,150,1,,,,,,,,,,,,,,,,,,,,,,,
5.582326447,406.4549061,7228.971387,6557.802064,6893.386726,0.04868211731,224.5823264,1200,175,0,,,,,,,,,,,,,,,,,,,,,,,
5.290581689,445.7387178,6782.359324,6556.7005,6669.529912,0.01691714611,249.2905817,1200,200,1,,,,,,,,,,,,,,,,,,,,,,,
4.71752828,496.7905207,6951.725367,6557.931025,6754.828196,0.02914910119,273.7175283,1200,225,0,,,,,,,,,,,,,,,,,,,,,,,
4.18539828,531.2817302,7121.338239,6556.747134,6839.042686,0.04127705662,298.1853983,1200,250,1,,,,,,,,,,,,,,,,,,,,,,,
3.671808152,566.3983337,7160.903476,6557.892432,6859.397954,0.04395509989,322.6718082,1200,275,0,,,,,,,,,,,,,,,,,,,,,,,
3.403953436,613.4983904,6840.342483,6556.947136,6698.644809,0.0211531851,347.4039534,1200,300,1,,,,,,,,,,,,,,,,,,,,,,,
2.802267902,666.4156702,6999.73197,6556.677919,6778.204945,0.03268225541,371.8022679,1200,325,1,,,,,,,,,,,,,,,,,,,,,,,
2.213342498,708.0242705,7206.332434,6557.827835,6882.080134,0.04711544952,396.2133425,1200,350,0,,,,,,,,,,,,,,,,,,,,,,,
1.852259495,738.2188306,7241.810761,6556.936429,6899.373595,0.04963308065,420.8522595,1200,375,1,,,,,,,,,,,,,,,,,,,,,,,
1.385144838,823.3956237,6852.877638,6557.893584,6705.385611,0.02199605445,445.3851448,1200,400,0,,,,,,,,,,,,,,,,,,,,,,,
0.8506076562,862.2123656,7076.607957,6557.976106,6817.292032,0.03803796644,469.8506077,1200,425,0,,,,,,,,,,,,,,,,,,,,,,,
0.4737440827,889.913873,7246.988713,6556.975873,6901.982293,0.0499865699,494.4737441,1200,450,1,,,,,,,,,,,,,,,,,,,,,,,
0.0008182743067,923.6630549,7280.52772,6567.822065,6924.174893,0.05146502406,519.0008183,1200,475,0,,,,,,,,,,,,,,,,,,,,,,,
0.0008119800117,925.2919069,7502.121331,6611.128856,7056.625093,0.06313162901,544.000812,1200,500,0,,,,,,,,,,,,,,,,,,,,,,,
0.0005112828942,927.2569799,7555.905587,6648.433764,7102.169675,0.06388694329,569.0005113,1200,525,0,,,,,,,,,,,,,,,,,,,,,,,
0.0005284172943,929.1630253,7575.376196,6682.769698,7129.072947,0.06260326586,594.0005284,1200,550,0,,,,,,,,,,,,,,,,,,,,,,,
7.931221725,196.5654415,7174.288204,6557.478607,6865.883406,0.04491844388,101.9312217,1250,50,0,,,,,,,,,,,,,,,,,,,,,,,
7.431298291,233.4611358,7066.386549,6556.519024,6811.452787,0.03742722299,126.4312983,1250,75,1,,,,,,,,,,,,,,,,,,,,,,,
7.040983925,285.6921564,6681.03948,6556.880153,6618.959817,0.009379066393,151.0409839,1250,100,1,,,,,,,,,,,,,,,,,,,,,,,
6.441289809,345.2833986,7181.907731,6557.689285,6869.798508,0.04543207815,175.4412898,1250,125,0,,,,,,,,,,,,,,,,,,,,,,,
5.909676804,380.1319161,7229.690292,6556.745729,6893.21801,0.04881207596,199.9096768,1250,150,1,,,,,,,,,,,,,,,,,,,,,,,
5.385214755,415.0768505,7274.816489,6557.783906,6916.300198,0.05183642721,224.3852148,1250,175,0,,,,,,,,,,,,,,,,,,,,,,,
5.128641276,462.3977584,6788.223588,6556.83948,6672.531534,0.01733855486,249.1286413,1250,200,1,,,,,,,,,,,,,,,,,,,,,,,
4.448013371,508.5176206,7051.639895,6557.63337,6804.636633,0.03629925826,273.4480134,1250,225,0,,,,,,,,,,,,,,,,,,,,,,,
3.899830015,546.1050182,7187.222631,6556.886971,6872.054801,0.04586224053,297.89983,1250,250,1,,,,,,,,,,,,,,,,,,,,,,,
3.399995288,581.9823212,7183.567716,6557.822073,6870.694895,0.04553728936,322.3999953,1250,275,0,,,,,,,,,,,,,,,,,,,,,,,
3.080535246,648.6081185,6789.195143,6557.677242,6673.436192,0.01734622872,347.0805352,1250,300,0,,,,,,,,,,,,,,,,,,,,,,,
2.370466581,696.6441131,7150.156436,6557.970538,6854.063487,0.04319962161,371.3704666,1250,325,0,,,,,,,,,,,,,,,,,,,,,,,
1.878639247,731.6655465,7292.223079,6557.894061,6925.05857,0.05301969727,395.8786392,1250,350,0,,,,,,,,,,,,,,,,,,,,,,,
1.677664371,795.7205718,6715.019307,6557.600665,6636.309986,0.01186040454,420.6776644,1250,375,0,,,,,,,,,,,,,,,,,,,,,,,
0.9108045748,855.8035466,7067.810665,6557.982079,6812.896372,0.03741643484,444.9108046,1250,400,0,,,,,,,,,,,,,,,,,,,,,,,
0.4579682415,887.278765,7197.66314,6556.800172,6877.231656,0.04659309147,469.4579682,1250,425,1,,,,,,,,,,,,,,,,,,,,,,,
0.0009023476782,919.1126809,7289.624002,6560.182829,6924.903416,0.05266796725,494.0009023,1250,450,0,,,,,,,,,,,,,,,,,,,,,,,
0.0003711549244,920.9927769,7544.293944,6609.130066,7076.712005,0.06607333155,519.0003712,1250,475,0,,,,,,,,,,,,,,,,,,,,,,,
0.000861860654,923.192903,7605.148704,6651.364946,7128.256825,0.06690161295,544.0008619,1250,500,0,,,,,,,,,,,,,,,,,,,,,,,
0.0001348811287,925.1636486,7628.091655,6689.42726,7158.759457,0.06556054859,569.0001349,1250,525,0,,,,,,,,,,,,,,,,,,,,,,,
0.0001800528652,926.794516,7639.177685,6724.75814,7181.967913,0.06366079304,594.0001801,1250,550,0,,,,,,,,,,,,,,,,,,,,,,,
7.837916345,203.3895667,7238.997488,6557.409946,6898.203717,0.04940326282,101.8379163,1300,50,0,,,,,,,,,,,,,,,,,,,,,,,
7.321248775,241.515396,7165.272664,6556.906888,6861.089776,0.04433448586,126.3212488,1300,75,1,,,,,,,,,,,,,,,,,,,,,,,
6.959398599,303.8154385,6649.287267,6556.595981,6602.941624,0.007018938848,150.9593986,1300,100,1,,,,,,,,,,,,,,,,,,,,,,,
6.282356471,351.5171419,7281.485079,6557.99167,6919.738374,0.0522775118,175.2823565,1300,125,0,,,,,,,,,,,,,,,,,,,,,,,
5.734683229,387.6756122,7285.882881,6556.647121,6921.265001,0.05268081478,199.7346832,1300,150,1,,,,,,,,,,,,,,,,,,,,,,,
5.192779018,424.2760237,7315.11166,6557.954419,6936.53304,0.05457749836,224.192779,1300,175,0,,,,,,,,,,,,,,,,,,,,,,,
4.835426325,479.1872042,6970.865423,6556.827079,6763.846251,0.03060672348,248.8354263,1300,200,1,,,,,,,,,,,,,,,,,,,,,,,
4.187709355,522.4340472,7139.967078,6557.98503,6848.976054,0.04248679243,273.1877094,1300,225,0,,,,,,,,,,,,,,,,,,,,,,,
3.620677913,561.6201314,7239.236758,6556.853611,6898.045184,0.04946206702,297.6206779,1300,250,1,,,,,,,,,,,,,,,,,,,,,,,
3.194798035,603.5400276,7001.106568,6557.892137,6779.499352,0.0326878437,322.194798,1300,275,0,,,,,,,,,,,,,,,,,,,,,,,
2.659954011,676.2038101,6967.598485,6556.98943,6762.293958,0.03036018976,346.659954,1300,300,1,,,,,,,,,,,,,,,,,,,,,,,
2.036029969,719.4278985,7324.165366,6557.944611,6941.054988,0.05519483393,371.03603,1300,325,0,,,,,,,,,,,,,,,,,,,,,,,
1.575190589,754.0861806,7310.310834,6556.862261,6933.586547,0.05433324926,395.5751906,1300,350,1,,,,,,,,,,,,,,,,,,,,,,,
1.16975541,834.928558,6937.596253,6556.770533,6747.183393,0.02822108852,420.1697554,1300,375,1,,,,,,,,,,,,,,,,,,,,,,,
0.5093047364,878.6442019,7187.695605,6557.910864,6872.803235,0.04581716657,444.5093047,1300,400,0,,,,,,,,,,,,,,,,,,,,,,,
0.07124356024,908.1851947,7316.90008,6556.929665,6936.914873,0.05477726251,469.0712436,1300,425,1,,,,,,,,,,,,,,,,,,,,,,,
0.0006774491797,914.0513736,7602.711678,6609.347789,7106.029733,0.06989584382,494.0006774,1300,450,0,,,,,,,,,,,,,,,,,,,,,,,
0.0002949909237,915.3398454,7674.895389,6657.018653,7165.957021,0.07102168864,519.000295,1300,475,0,,,,,,,,,,,,,,,,,,,,,,,
0.0001959478034,916.4822666,7695.397962,6700.473156,7197.935559,0.06911181673,544.0001959,1300,500,0,,,,,,,,,,,,,,,,,,,,,,,
4.867265966e-05,917.6867651,7701.84122,6739.539249,7220.690235,0.06663504037,569.0000487,1300,525,0,,,,,,,,,,,,,,,,,,,,,,,
0.0007181749528,918.7165622,7703.509968,6775.502829,7239.506398,0.0640932605,594.0007182,1300,550,0,,,,,,,,,,,,,,,,,,,,,,,
7.749693072,209.8552008,7291.731034,6557.897997,6924.814515,0.05298575401,101.7496931,1350,50,0,,,,,,,,,,,,,,,,,,,,,,,
7.218698328,250.0380527,7183.17192,6556.64258,6869.90725,0.04559954867,126.2186983,1350,75,1,,,,,,,,,,,,,,,,,,,,,,,
6.787761593,316.6948724,6794.911276,6556.863768,6675.887522,0.01782890338,150.7877616,1350,100,1,,,,,,,,,,,,,,,,,,,,,,,
6.126505345,357.9335489,7376.602135,6557.781935,6967.192035,0.05876256862,175.1265053,1350,125,0,,,,,,,,,,,,,,,,,,,,,,,
5.564966813,395.7055998,7351.674396,6556.883941,6954.279168,0.05714398542,199.5649668,1350,150,1,,,,,,,,,,,,,,,,,,,,,,,
5.007661293,433.483566,7323.568781,6557.806634,6940.687707,0.05516471706,224.0076613,1350,175,0,,,,,,,,,,,,,,,,,,,,,,,
4.577973065,492.571345,7111.233501,6556.918193,6834.075847,0.04055524997,248.5779731,1350,200,1,,,,,,,,,,,,,,,,,,,,,,,
3.933784769,537.3354153,7209.706459,6557.673106,6883.689782,0.04736074503,272.9337848,1350,225,0,,,,,,,,,,,,,,,,,,,,,,,
3.36056234,578.5975561,7312.587095,6557.981216,6935.284155,0.05440338583,297.3605623,1350,250,0,,,,,,,,,,,,,,,,,,,,,,,
3.061838111,636.4027949,6901.238642,6556.856396,6729.047519,0.02558922678,322.0618381,1350,275,1,,,,,,,,,,,,,,,,,,,,,,,
2.333712885,697.7951405,7236.788478,6556.734995,6896.761737,0.04930237616,346.3337129,1350,300,1,,,,,,,,,,,,,,,,,,,,,,,
1.716139409,740.8383854,7432.114138,6557.813592,6994.963865,0.06249500094,370.7161394,1350,325,0,,,,,,,,,,,,,,,,,,,,,,,
1.390727853,786.5182959,7133.920809,6556.961265,6845.441037,0.04214188252,395.3907279,1350,350,1,,,,,,,,,,,,,,,,,,,,,,,
0.7235759489,858.8780452,7129.183179,6556.977571,6843.080375,0.0418090667,419.7235759,1350,375,1,,,,,,,,,,,,,,,,,,,,,,,
0.1188949013,898.042215,7290.402597,6557.937578,6924.170087,0.05289189964,444.1188949,1350,400,0,,,,,,,,,,,,,,,,,,,,,,,
-1.136868377e-13,906.040358,7633.209593,6606.128178,7119.668886,0.07212985826,469,1350,425,0,,,,,,,,,,,,,,,,,,,,,,,
0.0008374653833,906.972516,7707.216405,6658.057074,7182.63674,0.07303441409,494.0008375,1350,450,0,,,,,,,,,,,,,,,,,,,,,,,
9.215738146e-05,907.7317187,7721.580737,6704.427618,7213.004177,0.07050828576,519.0000922,1350,475,0,,,,,,,,,,,,,,,,,,,,,,,
0.0003645852173,908.2186608,7723.673573,6746.906654,7235.290114,0.06750019029,544.0003646,1350,500,0,,,,,,,,,,,,,,,,,,,,,,,
0.0001169375083,908.7327929,7724.321723,6785.420854,7254.871289,0.06470830644,569.0001169,1350,525,0,,,,,,,,,,,,,,,,,,,,,,,
0.0008304469044,909.2905469,7724.704584,6821.109018,7272.906801,0.06212066173,594.0008304,1350,550,0,,,,,,,,,,,,,,,,,,,,,,,
7.660580044,216.3075903,7340.403152,6557.599727,6949.00144,0.05632488579,101.66058,1400,50,0,,,,,,,,,,,,,,,,,,,,,,,
7.117383148,259.482934,7146.674304,6556.749386,6851.711845,0.04304945468,126.1173831,1400,75,1,,,,,,,,,,,,,,,,,,,,,,,
6.612168616,325.2199215,7015.738446,6556.746019,6786.242232,0.03381786346,150.6121686,1400,100,1,,,,,,,,,,,,,,,,,,,,,,,
5.976323159,364.787259,7456.601716,6557.992149,7007.296933,0.06411955821,174.9763232,1400,125,0,,,,,,,,,,,,,,,,,,,,,,,
5.396810546,403.8556564,7403.434969,6556.974481,6980.204725,0.06063292707,199.3968105,1400,150,1,,,,,,,,,,,,,,,,,,,,,,,
4.824595091,443.6677649,7332.17162,6557.757972,6944.964796,0.05575360496,223.8245951,1400,175,0,,,,,,,,,,,,,,,,,,,,,,,
4.334419379,507.4993038,7256.914593,6557.811149,6907.362871,0.05060566947,248.3344194,1400,200,0,,,,,,,,,,,,,,,,,,,,,,,
3.704006732,552.4366638,7313.592667,6556.907996,6935.250332,0.05455352258,272.7040067,1400,225,1,,,,,,,,,,,,,,,,,,,,,,,
3.117234576,595.9522891,7376.327774,6557.963748,6967.145761,0.05873022138,297.1172346,1400,250,0,,,,,,,,,,,,,,,,,,,,,,,
2.704928896,671.9679287,6976.885452,6557.86066,6767.373056,0.03095919117,321.7049289,1400,275,0,,,,,,,,,,,,,,,,,,,,,,,
2.020270393,718.1324273,7404.679117,6556.924151,6980.801634,0.06072045956,346.0202704,1400,300,1,,,,,,,,,,,,,,,,,,,,,,,
1.417099475,760.2185811,7487.598194,6557.755277,7022.676735,0.06620288478,370.4170995,1400,325,0,,,,,,,,,,,,,,,,,,,,,,,
1.077702158,829.3458507,6871.831266,6557.991891,6714.911579,0.02336883894,395.0777022,1400,350,0,,,,,,,,,,,,,,,,,,,,,,,
0.3398622725,876.3367749,7255.694578,6556.838522,6906.26655,0.0505957923,419.3398623,1400,375,1,,,,,,,,,,,,,,,,,,,,,,,
-3.410605132e-13,897.1887489,7589.121434,6592.231858,7090.676646,0.07029580009,444,1400,400,0,,,,,,,,,,,,,,,,,,,,,,,
0.0005640980188,896.6922197,7724.982861,6649.918926,7187.450893,0.07478756726,469.0005641,1400,425,0,,,,,,,,,,,,,,,,,,,,,,,
0.000785990318,897.2456775,7760.05072,6700.304117,7230.177419,0.0732863484,494.000786,1400,450,0,,,,,,,,,,,,,,,,,,,,,,,
0.0002591496203,898.2561246,7774.989705,6745.767008,7260.378357,0.07087941199,519.0002591,1400,475,0,,,,,,,,,,,,,,,,,,,,,,,
0.000321555013,899.4711739,7783.885951,6787.492653,7285.689302,0.06838016674,544.0003216,1400,500,0,,,,,,,,,,,,,,,,,,,,,,,
0.0007071025476,901.1633589,7789.704535,6825.770329,7307.737432,0.06595298578,569.0007071,1400,525,0,,,,,,,,,,,,,,,,,,,,,,,
0.0004310961758,902.7805508,7794.469081,6861.026245,7327.747663,0.06369234302,594.0004311,1400,550,0,,,,,,,,,,,,,,,,,,,,,,,
